[
  {
    "receipeName": "Pancake",
    "description": "food",
    "category": "Food",
    "cookingDuration": ">60",
    "imageUrl": "https://res.cloudinary.com/doaapaamj/image/upload/v1627993614/Rectangle_188_rxbnep.png",
    "author": {
      "id": 1,
      "name": "Calumn Lewis",
      "profileUrl": "https://res.cloudinary.com/doaapaamj/image/upload/v1627994803/Rectangle_196_lus2xs.png"
    }
  },
  {
    "receipeName": "Salad",
    "description": "food",
    "category": "Keto",
    "cookingDuration": ">60",
    "imageUrl": "https://res.cloudinary.com/doaapaamj/image/upload/v1627994305/image_1_fj9kke.png",
    "author": {
      "id": 3,
      "name": "Eilif Sonas",
      "profileUrl": "https://res.cloudinary.com/doaapaamj/image/upload/v1627994861/image_4_fmkran.png"
    }
  },
  {
    "receipeName": "Omelete",
    "description": "food",
    "category": "Food",
    "cookingDuration": "30",
    "imageUrl": "https://res.cloudinary.com/doaapaamj/image/upload/v1627994416/image_3_bjwj92.png",
    "author": {
      "id": 2,
      "name": "Elena Shelby",
      "profileUrl": "https://res.cloudinary.com/doaapaamj/image/upload/v1627994917/image_5_gbzwoz.png"
    }
  },
  {
    "receipeName": "Omelete",
    "description": "food",
    "category": "Vegan",
    "cookingDuration": ">30",
    "imageUrl": "https://res.cloudinary.com/doaapaamj/image/upload/v1627994620/image_2_ctkvlo.png",
    "author": {
      "id": 2,
      "name": "John Priyadi",
      "profileUrl": "https://res.cloudinary.com/doaapaamj/image/upload/v1627994966/Rectangle_196_1_wept9q.png"
    }
  },
  {
    "receipeName": "Pancake",
    "description": "food",
    "category": "Food",
    "cookingDuration": ">60",
    "imageUrl": "https://res.cloudinary.com/doaapaamj/image/upload/v1627993614/Rectangle_188_rxbnep.png",
    "author": {
      "id": 1,
      "name": "Calumn Lewis",
      "profileUrl": "https://res.cloudinary.com/doaapaamj/image/upload/v1627994803/Rectangle_196_lus2xs.png"
    }
  },
  {
    "receipeName": "Salad",
    "description": "food",
    "category": "Keto",
    "cookingDuration": ">60",
    "imageUrl": "https://res.cloudinary.com/doaapaamj/image/upload/v1627994305/image_1_fj9kke.png",
    "author": {
      "id": 3,
      "name": "Eilif Sonas",
      "profileUrl": "https://res.cloudinary.com/doaapaamj/image/upload/v1627994861/image_4_fmkran.png"
    }
  },
  {
    "receipeName": "Omelete",
    "description": "food",
    "category": "Food",
    "cookingDuration": "30",
    "imageUrl": "https://res.cloudinary.com/doaapaamj/image/upload/v1627994416/image_3_bjwj92.png",
    "author": {
      "id": 2,
      "name": "Elena Shelby",
      "profileUrl": "https://res.cloudinary.com/doaapaamj/image/upload/v1627994917/image_5_gbzwoz.png"
    }
  },
  {
    "receipeName": "Omelete",
    "description": "food",
    "category": "Vegan",
    "cookingDuration": ">30",
    "imageUrl": "https://res.cloudinary.com/doaapaamj/image/upload/v1627994620/image_2_ctkvlo.png",
    "author": {
      "id": 2,
      "name": "John Priyadi",
      "profileUrl": "https://res.cloudinary.com/doaapaamj/image/upload/v1627994966/Rectangle_196_1_wept9q.png"
    }
  },
  {
    "receipeName": "Pancake",
    "description": "food",
    "category": "Food",
    "cookingDuration": ">60",
    "imageUrl": "https://res.cloudinary.com/doaapaamj/image/upload/v1627993614/Rectangle_188_rxbnep.png",
    "author": {
      "id": 1,
      "name": "Calumn Lewis",
      "profileUrl": "https://res.cloudinary.com/doaapaamj/image/upload/v1627994803/Rectangle_196_lus2xs.png"
    }
  },
  {
    "receipeName": "Salad",
    "description": "food",
    "category": "Keto",
    "cookingDuration": ">60",
    "imageUrl": "https://res.cloudinary.com/doaapaamj/image/upload/v1627994305/image_1_fj9kke.png",
    "author": {
      "id": 3,
      "name": "Eilif Sonas",
      "profileUrl": "https://res.cloudinary.com/doaapaamj/image/upload/v1627994861/image_4_fmkran.png"
    }
  },
  {
    "receipeName": "Omelete",
    "description": "food",
    "category": "Food",
    "cookingDuration": "30",
    "imageUrl": "https://res.cloudinary.com/doaapaamj/image/upload/v1627994416/image_3_bjwj92.png",
    "author": {
      "id": 2,
      "name": "Elena Shelby",
      "profileUrl": "https://res.cloudinary.com/doaapaamj/image/upload/v1627994917/image_5_gbzwoz.png"
    }
  },
  {
    "receipeName": "Omelete",
    "description": "food",
    "category": "Vegan",
    "cookingDuration": ">30",
    "imageUrl": "https://res.cloudinary.com/doaapaamj/image/upload/v1627994620/image_2_ctkvlo.png",
    "author": {
      "id": 2,
      "name": "John Priyadi",
      "profileUrl": "https://res.cloudinary.com/doaapaamj/image/upload/v1627994966/Rectangle_196_1_wept9q.png"
    }
  }
]