[
  {
    "id": 1,
    "name": "Calumn Lewis",
    "profileUrl": "https://res.cloudinary.com/doaapaamj/image/upload/v1627995762/Avatar_2_mkhuop.png"
  },
  {
    "id": 2,
    "name": "Elif Sonas",
    "profileUrl": "https://res.cloudinary.com/doaapaamj/image/upload/v1627995847/Avatar_3_eni8lp.png"
  },
  {
    "id": 3,
    "name": "Elena Shelby",
    "profileUrl": "https://res.cloudinary.com/doaapaamj/image/upload/v1627995902/Avatar_4_j8uygb.png"
  },
  {
    "id": 4,
    "name": "Elena Shelby",
    "profileUrl": "https://res.cloudinary.com/doaapaamj/image/upload/v1627995941/Avatar_5_wq7iaa.png"
  },
  {
    "id": 5,
    "name": "Elena Shelby",
    "profileUrl": "https://pixinvent.com/materialize-material-design-admin-template/app-assets/images/avatar/avatar-7.png"
  },
  {
    "id": 6,
    "name": "Elena Shelby",
    "profileUrl": "https://pixinvent.com/materialize-material-design-admin-template/app-assets/images/avatar/avatar-7.png"
  },
  {
    "id": 7,
    "name": "Elena Shelby",
    "profileUrl": "https://pixinvent.com/materialize-material-design-admin-template/app-assets/images/avatar/avatar-7.png"
  },
  {
    "id": 8,
    "name": "Elena Shelby",
    "profileUrl": "https://pixinvent.com/materialize-material-design-admin-template/app-assets/images/avatar/avatar-7.png"
  },
  {
    "id": 9,
    "name": "New user",
    "profileUrl": "new_user.png"
  }
]